,Statistic,P-value
Accuracy,88.03636363636366,4.030117122200233e-15
F1 Score,87.94909090909096,4.195623303408581e-15
Recall,86.92363636363638,6.730775752270073e-15
ACSA,82.95272727272732,4.178230762277805e-14
