,KNN,Decision Tree,Random Forest,XGBoost,LightGBM
KNN,1.0,0.789934704707739,0.5261007111218937,0.0007154604626951055,0.03769606822054172
Decision Tree,0.789934704707739,1.0,0.05586808458754888,0.0376960682205415,0.4357082195403418
Random Forest,0.5261007111218937,0.05586808458754888,1.0,3.4681627192334474e-07,0.00011367705989762111
XGBoost,0.0007154604626951055,0.0376960682205415,3.4681627192334474e-07,1.0,0.7899347047077383
LightGBM,0.03769606822054172,0.4357082195403418,0.00011367705989762111,0.7899347047077383,1.0
