,KNN,Decision Tree,Random Forest,XGBoost,LightGBM
KNN,1.0,0.6184494805509919,0.0376960682205415,0.21087650496353794,0.21087650496353794
Decision Tree,0.6184494805509919,1.0,0.6184494805509919,0.0037302738051944173,0.0037302738051944173
Random Forest,0.0376960682205415,0.6184494805509919,1.0,7.362389862985985e-06,7.362389862985985e-06
XGBoost,0.21087650496353794,0.0037302738051944173,7.362389862985985e-06,1.0,1.0
LightGBM,0.21087650496353794,0.0037302738051944173,7.362389862985985e-06,1.0,1.0
