,KNN,Decision Tree,Random Forest,XGBoost,LightGBM
KNN,1.0,0.6184494805509919,0.0376960682205415,0.27578500240966386,0.15711465685912318
Decision Tree,0.6184494805509919,1.0,0.6184494805509919,0.006195940916914999,0.002197595601345137
Random Forest,0.0376960682205415,0.6184494805509919,1.0,1.50395319478136e-05,3.5332159287193576e-06
XGBoost,0.27578500240966386,0.006195940916914999,1.50395319478136e-05,1.0,0.9986029912287665
LightGBM,0.15711465685912318,0.002197595601345137,3.5332159287193576e-06,0.9986029912287665,1.0
